[
    {
        "signInLink_css": "[class='login']",
        "emailAddress_css": "[id='email']",
        "emailAddressCreate_css": "[id='email_create']",
        "password_css": "[id='passwd']",
        "signIn_css": "[id='SubmitLogin']",
        "createAccount_css": "[id='SubmitCreate']",
        "firstName_css": "[id='customer_firstname']",
        "lastName_css": "[id='customer_lastname']",
        "address_css": "[id='address1']",
        "city_css": "[id='city']",
        "state_css": "[id='id_state']",
        "postcode_css": "[id='postcode']",
        "mobileNumber_css": "[id='phone_mobile']",
        "register_css": "[id='submitAccount']",
        "sessionUserName_css": "[title='View my customer account']",
        "signOutButton_css": "[title='Log me out']",
        "errors_css": "[class='alert alert-danger'] li",
        "search_query_css": "[id='search_query_top']",
        "searchButton_css": "[name='submit_search']",
        "searchResult_css": "[id='center_column'] p",
        "moreButton": "[class='product-content'] a",
        "productName_css": "[itemprop='name'] a",
        "productPrice_css": "[itemprop='offers']",
        "addRemoveButton_css": "[data-field-qty='qty']",
        "quantity_css": "[id='quantity_wanted']",
        "addToCart_css": "[name='Submit']",
        "successText_css": "[class='clearfix'] h2",
        "proceedToCheckOut_css": "[class='button-container'] a",
        "totalPrice_css": "[id='cart_summary'] td",
        "proceedTo_css": "[class='cart_navigation clearfix'] a",
        "proccedToAddr_css": "[name='processAddress']",
        "processCarrier_css": "[name='processCarrier']",
        "accept_css": "[id='cgv']",
        "paymentModule_css": "[class='payment_module'] a",
        "confirmOrder_css": "[class='button btn btn-default button-medium']",
        "successAlert_css": "[class='alert alert-success']",
        "home_css": "[class='home']",
        "myOrders_css": "[class='myaccount-link-list'] a",
        "orderList_css": "[id='order-list'] tr"
    }
]